age,annual_income,credit_score,loan_amount,employment_years,num_credit_lines,debt_to_income_ratio,missed_payments_last_2yrs,savings_balance,loan_purpose,defaulted
61,34531,720,6187,6.0,8,0.532,2,2589,personal,Yes
39,55561,587,23644,5.8,2,0.474,3,878,personal,Yes
48,48020,593,10165,5.2,3,0.601,No,2939,education,Yes
53,42576,720,23311,6.8,14,0.329,2,6916,education,Yes
33,120979,616,6338,0.7,11,0.302,No,790,education,No
37,23882,605,17331,6.9,2,0.588,Yes,2193,personal,Yes
58,61292,680,3434,7.1,10,0.61,4,3619,home,Yes
34,47133,505,7903,5.2,3,0.565,2,519,education,Yes
26,30591,669,7344,4.9,9,0.496,No,7449,home,Yes
56,79528,641,10400,7.6,9,0.362,No,18789,home,No
62,40823,539,10603,2.2,9,0.587,No,4272,education,Yes
45,75684,707,17153,11.8,14,0.304,Yes,23584,personal,No
39,53352,403,8839,No,3,0.73,Yes,1099,home,Yes
42,30329,603,17695,2.2,8,0.748,Yes,3220,education,Yes
45,23216,709,16229,No,9,0.674,No,7080,auto,Yes
23,29722,615,7467,4.6,10,0.521,4,No,auto,Yes
48,49967,709,15136,13.5,5,0.298,No,6932,auto,No
55,12058,600,2224,6.3,Yes,0.403,2,8208,personal,Yes
44,22299,468,26748,2.1,9,0.594,2,No,education,Yes
38,56862,690,11153,10.4,Yes,0.387,No,3806,personal,No
23,36017,576,21093,6.1,2,0.741,2,1535,personal,Yes
49,90609,721,15498,0.7,11,0.139,No,21868,home,No
54,86465,737,7113,3.6,10,0.2,Yes,21563,education,No
43,35426,646,20473,2.7,13,0.541,Yes,No,home,Yes
54,43591,743,7034,5.1,12,0.301,No,10005,home,No
30,77927,748,6046,10.4,5,0.327,No,11164,home,No
63,84263,668,16626,15.0,14,0.188,No,21506,home,No
47,29025,720,10798,3.8,12,0.586,2,No,home,Yes
48,52412,716,1000,4.5,12,0.53,4,2100,education,Yes
36,26206,572,16734,4.5,11,0.465,3,26,education,Yes
37,66906,591,15065,6.6,13,0.309,No,18319,personal,No
32,74098,608,7509,6.4,4,0.15,No,7651,education,No
62,40960,668,9016,4.8,4,0.607,Yes,5756,education,Yes
40,53300,596,6544,6.6,14,0.337,No,16723,home,No
56,77244,702,5259,6.0,6,0.262,No,17025,auto,No
55,76200,704,11006,8.7,2,0.372,No,14657,home,No
36,50419,601,12919,3.9,11,0.71,3,5077,personal,Yes
56,28461,631,3305,3.9,8,0.688,Yes,5631,personal,Yes
52,31999,509,13815,2.4,12,0.511,No,5334,home,Yes
64,53232,773,7091,17.4,2,0.238,Yes,9274,auto,No
26,78395,747,1000,10.0,6,0.238,No,6529,home,No
25,79407,722,10453,4.8,10,0.253,No,14889,education,No
40,91714,762,9843,9.7,Yes,0.425,No,16159,auto,No
58,19298,620,8412,6.1,3,0.567,Yes,4218,auto,Yes
55,40463,747,6622,1.6,6,0.283,No,13924,auto,No
52,63633,655,13454,5.5,12,0.255,Yes,19656,personal,No
55,30805,674,10388,5.2,8,0.502,2,5446,auto,Yes
43,37862,596,11897,No,13,0.782,2,6311,personal,Yes
39,58573,696,18003,8.1,12,0.224,Yes,12808,home,No
60,49814,438,11137,1.4,9,0.451,Yes,6527,home,Yes
29,36938,682,6536,1.2,5,0.571,Yes,2834,education,Yes
32,24068,644,11868,No,2,0.459,Yes,13385,education,Yes
63,53905,696,1000,5.8,13,0.292,No,21836,auto,No
44,20576,487,16795,No,9,0.556,2,No,auto,Yes
34,53825,593,9764,8.1,11,0.337,No,17725,auto,No
64,102333,655,20351,2.8,11,0.344,No,2751,home,No
54,56554,689,17151,2.8,Yes,0.445,Yes,1667,personal,Yes
47,63069,665,4442,11.0,6,0.307,No,28388,education,No
22,55762,560,5200,19.8,10,0.109,Yes,20347,education,No
28,36121,645,23893,3.2,12,0.672,2,1712,home,Yes
53,36234,767,5014,9.3,Yes,0.276,No,6867,personal,No
54,85269,777,12403,12.0,8,0.314,Yes,8730,auto,No
35,31441,545,11194,No,Yes,0.619,2,1706,education,Yes
54,85258,850,21274,3.8,8,0.45,No,5483,home,No
22,47393,615,11230,6.2,6,0.528,Yes,No,auto,Yes
23,34905,586,22170,4.3,10,0.467,4,3970,home,Yes
52,35260,548,10840,No,14,0.627,Yes,1300,home,Yes
41,41822,572,8775,7.4,10,0.589,3,3308,auto,Yes
44,75001,727,13701,4.7,12,0.282,No,21953,education,No
45,27377,573,11020,4.5,8,0.397,No,695,home,Yes
22,62399,713,10076,4.8,6,0.156,No,22745,personal,No
61,48364,635,1000,8.7,11,0.212,No,26107,home,No
34,46854,466,15721,1.2,12,0.429,2,6448,home,Yes
56,71521,623,13398,1.1,10,0.582,4,12253,auto,Yes
33,39369,656,22533,5.1,2,0.307,No,18754,education,No
28,89711,653,1076,8.3,8,0.114,No,20855,personal,No
63,27643,677,12841,0.4,7,0.632,No,No,auto,Yes
40,63093,715,8506,4.7,9,0.222,No,13605,education,No
56,44655,612,20307,3.6,13,0.542,Yes,9396,home,Yes
48,61564,656,19422,9.0,12,0.232,No,23728,home,No
39,10000,712,17105,4.6,5,0.573,4,1749,auto,Yes
30,64012,695,17143,6.4,8,0.076,No,15608,home,No
29,73394,735,17558,9.2,13,0.123,No,20005,personal,No
38,70140,775,24697,2.1,10,0.179,No,20941,personal,No
48,80882,724,1000,No,2,0.288,No,18999,home,No
62,47598,638,1762,8.8,6,0.567,4,No,education,Yes
38,17054,584,17419,2.7,4,0.454,Yes,4541,auto,Yes
61,27721,624,21692,5.0,3,0.388,No,2705,auto,Yes
40,37692,537,15215,2.8,9,0.576,2,5141,auto,Yes
62,53344,759,11155,6.0,11,0.228,2,10954,home,No
24,77229,550,23674,4.6,14,0.231,No,12951,personal,No
24,84749,772,14037,2.9,6,0.315,No,6222,home,No
59,56486,577,7070,No,3,0.651,Yes,No,auto,Yes
52,65737,664,12013,10.5,Yes,0.244,No,13388,personal,No
57,39903,629,12218,No,12,0.503,2,7081,personal,Yes
53,59709,822,5255,9.8,2,0.178,No,1369,auto,No
64,36061,690,7256,1.4,11,0.569,3,3398,home,Yes
24,53719,660,9836,13.9,7,0.363,No,30940,personal,No
47,121479,610,16150,8.5,10,0.247,No,16915,auto,No
37,18672,511,14214,1.6,4,0.669,3,2379,auto,Yes
38,60377,503,26373,No,7,0.554,Yes,3974,education,Yes
64,66878,811,13105,8.0,11,0.224,Yes,12627,home,No
24,63307,659,9962,No,14,0.526,3,2993,education,Yes
23,61835,795,10830,9.3,3,0.329,Yes,7738,home,No
60,35994,593,14194,1.6,14,0.424,No,No,auto,Yes
64,51758,518,10392,2.0,8,0.544,2,4696,auto,Yes
57,30134,576,1000,0.2,Yes,0.503,No,No,auto,Yes
34,17238,596,19080,1.8,9,0.417,4,No,education,Yes
31,72028,682,25453,No,4,0.05,2,7597,education,No
44,22901,624,9577,4.8,12,0.6,Yes,No,home,Yes
25,26161,575,12289,6.7,7,0.601,Yes,7295,personal,Yes
59,29748,551,14288,No,9,0.827,Yes,2359,personal,Yes
54,39105,535,12852,No,11,0.526,No,5943,home,Yes
50,31271,679,18502,3.2,9,0.378,Yes,5808,home,Yes
39,47510,769,14874,9.9,7,0.234,2,10153,home,No
58,45349,680,24174,2.6,9,0.135,Yes,24975,personal,No
28,62490,683,15572,4.1,12,0.158,Yes,17245,personal,No
37,21204,699,19308,4.9,7,0.418,No,5942,education,Yes
37,50929,708,7345,8.1,13,0.603,No,5165,auto,Yes
45,57274,727,9607,8.1,14,0.172,No,21054,education,No
63,32835,565,12244,0.6,7,0.588,4,7893,home,Yes
46,45197,803,1000,3.1,10,0.128,No,No,auto,No
62,44829,633,18378,3.8,6,0.68,Yes,No,auto,Yes
62,42317,630,11854,8.4,9,0.222,No,9737,personal,No
23,65353,714,20137,3.6,13,0.378,No,18705,auto,No
49,40084,704,18739,No,5,0.483,Yes,7568,auto,Yes
26,44051,527,8454,9.1,9,0.297,Yes,No,home,Yes
50,53114,750,1324,6.2,8,0.173,No,13728,auto,No
31,10000,593,11577,2.2,5,0.549,3,272,auto,Yes
54,36388,475,18827,3.0,12,0.655,Yes,7437,auto,Yes
44,36264,574,35899,1.4,13,0.486,2,4023,home,Yes
51,32296,669,4069,7.2,8,0.57,No,8257,auto,Yes
46,75038,606,5752,11.6,Yes,0.21,No,19426,auto,No
63,50746,600,14510,2.5,9,0.652,3,3831,home,Yes
32,37803,585,8200,No,10,0.6,3,4236,home,Yes
28,64075,770,8341,7.1,8,0.239,No,9476,personal,No
48,79931,759,1000,6.7,11,0.201,No,13996,home,No
47,75857,757,28034,6.0,5,0.39,No,25199,home,No
37,56502,708,19093,9.0,Yes,0.1,No,4388,auto,No
64,61448,697,11141,13.7,10,0.313,No,8894,home,No
43,84544,589,22242,9.0,8,0.05,No,11506,home,No
60,65916,651,11362,12.6,11,0.204,No,13256,education,No
25,30835,609,12577,0.3,14,0.638,Yes,No,personal,Yes
25,102612,750,9240,5.7,Yes,0.146,No,No,auto,No
32,40993,574,19491,0.1,9,0.444,4,1758,home,Yes
42,23638,720,1000,5.9,6,0.629,No,793,auto,Yes
62,43603,519,16034,No,9,0.533,2,4966,home,Yes
54,42696,610,7076,15.3,7,0.332,No,6740,personal,No
36,61427,466,1000,6.4,12,0.939,4,2911,education,Yes
37,69786,745,8944,6.6,14,0.421,No,No,education,No
60,55220,603,14339,2.2,3,0.453,Yes,7644,education,Yes
26,53154,611,11134,3.5,Yes,0.3,No,29968,auto,No
28,74231,500,7385,0.1,4,0.569,Yes,2925,home,Yes
23,95141,568,11747,4.4,5,0.273,No,3758,personal,No
48,66955,489,5982,5.9,5,0.502,No,2516,education,Yes
39,58353,648,4152,12.6,10,0.3,No,9257,education,No
64,41721,685,15877,11.4,13,0.191,No,23190,education,No
64,47565,647,7305,0.1,5,0.622,4,7076,home,Yes
37,54278,664,2861,9.3,2,0.309,Yes,20456,auto,No
24,36252,596,11526,5.6,5,0.301,No,4759,home,Yes
57,46904,720,12042,4.8,13,0.358,4,No,auto,Yes
24,52657,624,2428,8.2,6,0.463,No,3408,personal,Yes
55,27806,607,14312,5.0,Yes,0.421,No,1606,auto,Yes
60,62474,644,8315,No,8,0.715,3,6145,auto,Yes
53,22177,698,7632,0.6,13,0.547,Yes,1150,auto,Yes
43,36273,583,21202,5.5,13,0.287,4,7316,auto,Yes
43,101438,761,1000,10.5,14,0.283,No,14686,home,No
40,35939,506,16194,4.7,14,0.403,Yes,3629,personal,Yes
43,59365,798,11123,6.5,11,0.383,Yes,12189,personal,No
37,47784,684,19111,8.6,2,0.261,No,16994,auto,No
58,71545,815,10437,12.5,7,0.128,No,11387,personal,No
64,74032,784,19365,10.1,4,0.356,No,10323,personal,No
58,30915,556,8772,6.3,14,0.345,Yes,6319,personal,No
62,46394,667,6819,0.1,13,0.443,No,10844,education,Yes
54,47652,652,5796,10.9,Yes,0.43,No,No,education,No
46,57426,730,11087,10.8,12,0.46,No,8934,personal,No
46,63141,586,27774,11.7,13,0.185,2,15125,auto,No
63,69153,758,18054,5.6,10,0.35,No,23245,auto,No
34,50448,643,11079,2.2,4,0.481,2,4933,education,Yes
34,36865,718,9495,6.9,13,0.707,Yes,4836,home,Yes
25,81024,814,4831,5.1,Yes,0.18,No,11920,personal,No
35,28820,476,18844,1.3,2,0.665,2,No,personal,Yes
60,56230,714,16349,13.8,3,0.302,Yes,9027,auto,No
29,35784,536,11766,2.9,11,0.477,4,4281,personal,Yes
40,28773,660,12096,No,2,0.388,No,4311,education,Yes
59,47476,676,10619,No,6,0.287,No,7589,auto,No
43,81590,625,3526,11.0,7,0.223,No,13364,auto,No
29,68581,670,10469,12.3,2,0.241,No,19982,auto,No
33,18431,488,9512,0.6,8,0.699,2,5528,home,Yes
42,26620,545,6275,1.2,14,0.546,2,2808,education,Yes
54,48512,513,15888,3.0,12,0.667,No,3571,home,Yes
49,37025,642,17379,5.3,9,0.336,No,5168,auto,Yes
56,41363,487,19771,1.5,8,0.486,Yes,1954,education,Yes
26,44501,614,5726,10.6,5,0.262,No,15464,education,No
37,76491,749,10275,13.5,10,0.32,Yes,No,home,No
29,58089,709,15071,4.2,4,0.345,No,17798,auto,No
22,90553,706,10466,4.9,13,0.18,No,23092,auto,No
47,49346,739,18858,4.4,11,0.072,No,9917,home,No
49,21851,474,2216,1.8,4,0.543,2,7526,personal,Yes
60,76806,707,9525,6.5,2,0.132,No,8712,personal,No
29,69306,678,9340,3.6,3,0.19,No,14652,personal,No
52,23291,664,20499,1.8,10,0.682,No,No,home,Yes
61,71490,601,23212,3.0,8,0.502,No,2154,auto,Yes
57,73686,648,3959,3.1,13,0.399,2,4814,home,Yes
45,44104,559,22154,No,4,0.653,4,908,auto,Yes
46,26491,704,8411,4.5,3,0.511,2,1052,auto,Yes
34,68485,731,14426,5.9,5,0.291,No,22394,personal,No
24,35546,720,13643,4.2,7,0.447,2,6499,auto,Yes
60,83634,740,11017,6.9,2,0.252,No,18064,auto,No
24,15846,535,2521,3.0,5,0.528,Yes,4866,auto,Yes
64,69018,802,25163,9.7,7,0.239,No,18776,personal,No
50,114674,798,9660,0.6,Yes,0.447,No,12639,home,No
58,21215,720,4960,3.3,13,0.408,Yes,No,home,Yes
23,31894,647,15969,8.2,Yes,0.754,Yes,No,home,Yes
33,44083,680,27233,7.5,4,0.546,Yes,No,home,Yes
39,88783,633,12631,11.3,12,0.188,No,15030,education,No
59,37279,500,14575,No,Yes,0.536,Yes,No,personal,Yes
29,69391,730,17357,8.8,7,0.139,No,9783,education,No
57,30858,520,20496,No,7,0.358,2,2740,personal,Yes
30,12861,714,22215,No,11,0.796,Yes,4079,education,Yes
37,73782,709,10454,7.7,3,0.249,No,25631,personal,No
37,56033,595,13034,2.8,7,0.365,3,2873,education,Yes
62,48138,600,10689,5.4,13,0.67,Yes,No,auto,Yes
52,58823,568,18515,1.8,7,0.22,No,20518,auto,No
47,29104,696,15058,2.8,10,0.62,3,3739,auto,Yes
25,60342,749,22286,1.6,9,0.14,No,7625,auto,No
58,56912,467,9746,No,10,0.395,2,2285,personal,Yes
35,94110,723,12141,3.3,3,0.218,No,No,home,No
35,26150,503,1000,3.4,5,0.431,No,3133,home,Yes
27,50163,655,7989,5.0,3,0.606,No,1614,auto,Yes
60,57673,665,19229,10.8,4,0.297,No,27433,education,No
36,29528,655,9649,No,12,0.567,No,No,home,Yes
37,91073,628,12472,12.6,4,0.323,No,7723,home,No
53,30690,610,18552,3.7,2,0.524,Yes,9061,home,Yes
38,59852,621,8296,2.6,7,0.159,No,14502,auto,No
63,48451,839,6127,No,10,0.114,Yes,19114,home,No
24,74848,716,15834,11.3,14,0.182,No,8111,personal,No
29,27658,430,15668,6.8,Yes,0.621,3,2340,home,Yes
54,55853,716,8552,7.7,14,0.172,No,4446,personal,No
40,54192,649,6349,10.2,12,0.203,No,25732,personal,No
37,93776,814,1000,3.1,5,0.336,No,6968,education,No
47,37032,597,11485,7.1,8,0.124,No,24601,home,No
40,57982,556,22035,2.4,3,0.523,Yes,844,personal,Yes
27,61857,544,8894,No,9,0.677,Yes,4839,home,Yes
25,97478,796,26909,8.4,5,0.302,No,18094,home,No
24,59457,694,13144,7.0,9,0.43,No,10102,education,No
31,64899,611,13049,7.7,6,0.224,No,14581,auto,No
38,25000,678,3602,4.6,11,0.357,No,33911,education,No
40,51088,639,7729,3.5,9,0.298,No,4291,auto,No
56,61579,689,27266,8.6,7,0.363,No,20433,education,No
22,85234,811,12088,6.5,3,0.343,No,13153,education,No
55,43822,548,28910,2.1,13,0.614,No,5569,personal,Yes
22,23030,565,14576,5.4,12,0.698,Yes,4869,personal,Yes
50,25148,543,3997,No,6,0.572,Yes,No,auto,Yes
43,66536,691,18171,6.4,12,0.401,No,11696,personal,No
54,63810,850,11623,7.8,10,0.244,No,22082,home,No
50,26745,647,10690,4.2,4,0.45,No,4160,home,Yes
31,39500,501,8228,1.2,5,0.431,3,3805,personal,Yes
50,42074,586,1531,10.2,14,0.504,Yes,5077,home,Yes
42,59681,682,10127,4.4,13,0.231,Yes,15555,personal,No
52,20717,645,17431,6.4,14,0.436,No,1359,home,Yes
59,72356,683,1701,8.0,13,0.424,Yes,16553,personal,No
36,78577,720,5578,17.2,2,0.182,No,9482,auto,No
59,44994,822,8261,12.3,14,0.277,Yes,5595,auto,No
50,92201,678,11430,9.7,13,0.327,No,27584,education,No
34,36713,522,16150,1.3,14,0.452,Yes,3526,auto,Yes
36,18513,720,11180,4.6,13,0.696,4,861,auto,Yes
38,45430,637,15093,4.0,2,0.533,No,11071,auto,No
39,30983,561,17629,No,10,0.409,No,5796,education,Yes
55,45455,655,7363,1.7,14,0.227,No,12721,education,No
48,65590,699,15001,6.9,12,0.301,No,No,auto,No
25,51155,786,6925,4.1,10,0.328,No,19391,home,No
45,12148,499,21799,2.4,5,0.551,No,9489,personal,Yes
63,60982,605,5567,2.8,3,0.188,Yes,6283,home,No
32,25758,640,13036,6.4,5,0.575,No,2728,personal,Yes
38,71654,741,7701,9.9,2,0.197,Yes,12827,auto,No
36,70881,634,16327,2.7,9,0.313,No,24900,personal,No
42,22319,497,2450,0.1,10,0.544,2,6066,personal,Yes
33,58007,727,3872,9.6,Yes,0.238,No,20773,auto,No
52,52520,552,6753,8.5,2,0.532,No,4177,auto,Yes
58,57235,685,7482,3.5,14,0.25,No,1331,personal,Yes
44,28119,643,14841,3.6,4,0.651,Yes,2611,personal,Yes
42,75653,764,8850,11.1,6,0.381,No,17490,home,No
54,25186,684,18592,2.3,5,0.323,No,17680,auto,No
29,94568,785,11419,3.2,13,0.27,No,13524,personal,No
23,48270,569,18756,6.2,11,0.563,No,6050,home,Yes
33,64782,638,16542,No,4,0.343,Yes,13793,personal,No
44,55531,621,2963,7.4,2,0.304,No,5658,auto,No
63,79123,619,19185,1.2,10,0.315,No,21312,personal,No
52,51609,518,4544,7.8,2,0.743,3,No,auto,Yes
47,36572,643,17109,4.6,8,0.476,2,4684,education,Yes
26,12509,559,14427,1.2,10,0.614,No,1564,auto,Yes
52,20304,720,5839,No,10,0.384,Yes,2908,home,Yes
64,33028,692,20746,8.2,11,0.271,No,24438,auto,No
48,80964,692,1000,6.5,12,0.435,No,16560,education,No
50,37598,660,14658,10.2,4,0.276,No,6182,personal,No
42,51411,653,7030,3.1,10,0.608,Yes,3316,auto,Yes
42,73240,779,1000,6.1,14,0.437,No,14609,education,No
57,58991,758,6597,9.1,5,0.194,No,16415,home,No
54,67793,646,13925,11.9,8,0.286,No,31708,auto,No
29,39302,700,11770,1.1,8,0.657,3,1757,education,Yes
57,81027,729,11857,4.6,8,0.152,No,13053,auto,No
57,58524,580,14860,4.8,10,0.183,No,7508,education,No
51,80101,681,9884,No,2,0.293,2,18857,home,No
50,46533,491,18780,5.4,5,0.413,Yes,2296,home,Yes
58,47162,682,12566,4.2,10,0.385,2,No,auto,Yes
29,31402,773,22605,8.5,12,0.277,Yes,9060,auto,No
43,75000,447,10304,No,6,0.539,2,No,home,Yes
46,46403,508,22985,7.8,4,0.692,2,3976,education,Yes
39,26434,544,9182,0.5,8,0.778,Yes,3899,personal,Yes
29,41185,505,13733,3.4,6,0.439,2,No,home,Yes
29,37123,597,5016,0.7,3,0.337,Yes,4194,home,Yes
22,23797,598,20059,4.9,11,0.396,2,6089,personal,Yes
25,31652,654,5841,No,12,0.464,No,5366,personal,Yes
22,73856,661,11992,4.8,10,0.275,No,26815,auto,No
28,49470,738,10551,3.5,Yes,0.424,No,8302,auto,No
37,64653,646,16179,10.7,4,0.226,No,15671,personal,No
46,48822,764,2508,10.9,9,0.216,Yes,16931,auto,No
45,35397,627,14215,4.5,5,0.313,Yes,6137,auto,Yes
41,48789,772,25634,7.5,12,0.226,No,10162,auto,No
47,68505,551,9957,7.1,13,0.394,Yes,3952,auto,No
37,55566,739,4917,13.6,2,0.257,Yes,13264,education,No
35,72666,756,5214,3.0,2,0.29,No,23654,auto,No
49,46223,559,3777,6.8,14,0.434,2,6741,home,Yes
64,34925,636,10877,2.1,9,0.655,No,1634,home,Yes
52,45098,587,13258,1.7,5,0.609,3,2770,auto,Yes
54,65257,718,13946,2.8,10,0.168,2,12319,auto,No
34,69685,593,16509,3.8,8,0.164,Yes,13501,home,No
64,20161,617,18246,4.1,14,0.455,2,6446,home,Yes
42,87301,736,18192,13.2,7,0.237,Yes,19855,personal,No
49,75000,634,6799,6.2,10,0.671,3,1219,auto,Yes
54,73503,782,16729,6.0,Yes,0.236,Yes,23361,home,No
27,10000,575,17822,1.7,8,0.432,No,5266,education,Yes
49,57799,677,9358,5.8,3,0.745,2,3181,personal,Yes
58,63409,737,15462,5.5,11,0.373,No,14332,auto,No
30,42493,751,10107,11.4,10,0.307,No,8453,auto,No
39,32067,537,27529,0.1,4,0.451,2,5961,education,Yes
53,39060,555,15787,3.6,7,0.476,2,4997,auto,Yes
50,30950,524,16727,1.1,4,0.433,Yes,5929,home,Yes
47,39183,581,9694,1.2,3,0.58,Yes,1688,auto,Yes
54,55131,723,16977,6.1,5,0.05,2,18667,personal,No
53,76708,666,6619,11.3,10,0.299,2,12123,personal,No
24,25000,694,22198,7.3,12,0.246,Yes,7033,auto,No
42,42693,850,23919,14.4,Yes,0.229,No,8189,education,No
37,54245,788,9274,8.3,10,0.418,No,11351,education,No
26,76987,850,12051,5.9,6,0.387,No,29660,home,No
63,10000,596,15263,2.9,8,0.537,No,2538,education,Yes
23,33283,519,18183,6.8,Yes,0.575,Yes,892,education,Yes
31,82156,707,20720,7.9,7,0.287,Yes,10604,auto,No
59,34403,633,17047,4.4,5,0.379,Yes,2833,education,Yes
54,59311,636,14583,6.9,6,0.167,Yes,6104,personal,No
57,60788,626,13910,10.4,5,0.342,No,19418,home,No
38,62236,568,9736,1.6,3,0.706,2,2911,auto,Yes
33,76614,652,1000,3.6,13,0.245,No,5099,home,No
52,92602,663,20235,11.8,11,0.301,No,17529,home,No
64,68309,705,8604,11.4,4,0.433,2,18862,education,No
40,68415,638,12627,7.5,7,0.374,No,17671,home,No
27,54951,748,3323,6.2,14,0.4,No,18150,home,No
27,58550,787,25447,9.1,7,0.438,No,30633,personal,No
40,64540,719,8758,2.3,13,0.255,2,5034,personal,No
30,53889,773,17774,4.1,Yes,0.21,No,17950,home,No
43,29488,658,13966,6.0,4,0.464,4,5011,personal,Yes
62,56151,816,6670,2.5,12,0.115,No,5953,education,No
61,26240,695,4377,7.6,8,0.256,No,16734,personal,No
54,69726,772,14382,13.0,11,0.209,No,17623,personal,No
63,45691,655,11905,5.5,6,0.306,2,13165,education,No
30,60506,602,18243,No,2,0.621,2,5921,home,Yes
26,62340,607,5089,5.5,4,0.342,No,13376,personal,No
51,86494,771,12595,Yes,4,0.339,No,5374,home,No
64,36260,623,19503,No,8,0.289,2,1374,personal,Yes
62,63142,643,1000,10.5,2,0.389,No,17043,education,No
31,26127,633,17115,No,12,0.523,3,9098,personal,Yes
62,84084,717,1000,5.1,Yes,0.246,No,11661,home,No
55,62583,726,15327,9.1,7,0.243,Yes,20209,education,No
47,77545,818,6797,2.8,12,0.221,No,9226,home,No
59,43364,570,19589,5.3,6,0.605,Yes,6834,education,Yes
62,67880,850,20091,5.8,2,0.122,Yes,No,personal,No
57,62277,817,12671,8.6,12,0.258,No,15304,auto,No
23,71344,673,18032,4.7,2,0.443,Yes,2299,personal,Yes
51,38645,652,21537,4.5,13,0.712,Yes,2175,education,Yes
28,77112,650,18025,4.4,7,0.447,No,16578,auto,No
43,33157,759,29096,No,13,0.253,No,15439,home,No
54,37762,500,9341,6.1,Yes,0.848,Yes,1245,home,Yes
45,77877,850,2597,7.3,4,0.383,No,11456,home,No
33,78335,850,8808,6.3,10,0.311,No,19790,home,No
62,30902,516,20119,6.6,2,0.535,4,2584,personal,Yes
52,35898,628,17406,6.6,6,0.787,3,8130,home,Yes
52,97409,620,16417,14.5,5,0.264,No,18361,education,No
43,60663,673,11836,11.3,10,0.542,2,3017,home,Yes
50,37712,583,14971,7.4,Yes,0.533,Yes,4456,personal,Yes
45,56897,754,24448,3.8,6,0.351,No,29069,personal,No
30,37947,713,8409,8.1,11,0.167,No,12044,home,No
62,10000,454,1608,4.2,14,0.678,2,2061,personal,Yes
24,50736,719,14165,3.7,7,0.102,No,12350,personal,No
28,26067,645,7670,Yes,10,0.507,Yes,319,auto,Yes
52,33085,637,7536,8.2,12,0.231,No,7670,personal,No
43,37945,747,13948,7.1,Yes,0.285,No,17409,education,No
31,74012,550,15367,2.4,6,0.345,No,30233,personal,No
50,42916,562,4408,5.5,7,0.616,Yes,4923,auto,Yes
44,44394,530,16867,1.8,13,0.62,3,No,home,Yes
32,61973,659,22347,13.1,4,0.204,No,18126,home,No
22,40652,757,20275,10.2,9,0.46,No,18871,personal,No
40,46676,662,3541,3.6,3,0.538,No,7677,personal,Yes
30,41377,609,20893,6.1,5,0.678,2,3468,personal,Yes
37,49580,493,3807,No,4,0.755,4,825,personal,Yes
34,40696,444,18768,5.6,5,0.699,2,1010,personal,Yes
41,62987,605,4019,6.0,7,0.502,2,1981,education,Yes
61,29538,731,17974,6.9,9,0.378,Yes,19503,home,No
35,58347,671,10251,4.4,9,0.264,No,17108,auto,No
58,37196,558,14611,No,14,0.618,3,2406,personal,Yes
61,48591,550,22990,3.1,6,0.469,No,2547,home,Yes
41,43046,563,8789,3.2,6,0.398,Yes,4881,home,Yes
28,39411,534,1000,2.3,3,0.559,Yes,No,home,Yes
38,88070,681,20561,3.0,7,0.395,No,16375,home,No
23,73551,502,16389,No,14,0.392,3,9683,home,Yes
29,48260,535,15502,2.4,12,0.644,3,1807,personal,Yes
62,57299,648,19983,1.6,3,0.45,3,2858,auto,Yes
64,34168,526,4046,Yes,4,0.61,Yes,4647,personal,Yes
43,47232,535,13038,4.5,11,0.789,Yes,682,auto,Yes
34,72578,630,12353,No,13,0.211,No,2867,auto,No
38,76485,632,16190,8.8,9,0.29,No,6020,auto,No
24,36019,450,19671,2.8,2,0.5,2,3004,education,Yes
54,41131,715,19700,6.2,7,0.275,Yes,9658,education,No
37,28382,550,8471,3.8,10,0.569,No,3717,auto,Yes
36,58032,754,4570,12.6,11,0.06,No,14504,home,No
33,72277,701,5864,10.0,5,0.313,No,8565,auto,No
42,82055,661,13826,8.7,11,0.507,No,26626,education,No
40,89740,686,7258,No,14,0.488,No,26898,auto,No
46,59483,624,11792,3.7,2,0.538,No,3875,auto,Yes
39,50405,787,6339,3.0,4,0.343,No,21785,home,No
45,65122,554,17477,5.3,11,0.388,No,12892,personal,No
38,42457,739,8827,9.0,7,0.3,No,14408,personal,No
59,61596,699,17724,7.8,9,0.422,No,18091,home,No
36,84079,692,6596,4.4,7,0.314,No,10614,auto,No
58,59243,705,13553,5.4,11,0.273,No,17084,personal,No
49,36724,718,16130,1.3,11,0.256,No,4603,personal,No
26,76084,620,16513,0.5,5,0.228,Yes,26713,auto,No
62,87244,707,20314,7.3,7,0.346,2,22163,auto,No
62,63220,692,4642,0.1,7,0.607,4,3570,education,Yes
27,26471,555,21863,5.6,7,0.486,Yes,7415,personal,Yes
30,47102,579,1000,4.0,4,0.354,Yes,15656,home,No
64,40673,616,1016,1.4,7,0.501,No,8271,home,Yes
44,54675,537,12215,No,6,0.505,2,3875,personal,Yes
56,19315,565,12898,3.3,5,0.726,Yes,9689,personal,Yes
47,28848,561,6505,2.0,2,0.585,2,6198,auto,Yes
50,19239,685,13257,No,3,0.667,4,12502,home,Yes
56,41340,624,29831,0.5,Yes,0.798,Yes,3430,auto,Yes
44,82377,701,10740,10.2,9,0.169,Yes,15306,auto,No
22,45043,560,8943,5.0,14,0.394,No,2788,education,Yes
34,53669,591,7094,4.3,Yes,0.679,2,4373,education,Yes
31,51550,605,19578,0.7,6,0.716,No,1550,home,Yes
52,35891,562,12982,8.0,3,0.706,Yes,6008,home,Yes
34,60472,837,6183,4.0,5,0.397,Yes,4631,auto,No
46,80739,638,5666,3.8,12,0.226,No,15027,home,No
41,68120,832,17138,6.7,5,0.219,2,8219,auto,No
47,19932,552,1000,3.3,3,0.33,2,801,auto,Yes
37,38220,632,20558,3.8,10,0.54,No,1755,home,Yes
38,42327,550,7196,6.5,14,0.693,3,882,personal,Yes
39,63533,642,14115,9.2,3,0.459,Yes,13428,personal,No
25,75921,585,3832,8.1,2,0.305,No,14355,home,No
57,61492,550,4132,2.2,11,0.363,2,20467,home,No
46,50292,850,3439,10.8,Yes,0.167,Yes,24957,auto,No
28,30028,595,8866,4.0,6,0.61,2,3860,home,Yes
22,22126,578,28307,3.9,10,0.532,No,No,home,Yes
48,56641,633,28122,7.3,10,0.362,Yes,11102,home,No
22,62065,688,14017,11.1,9,0.321,No,21323,education,No
54,76866,686,14065,7.4,4,0.525,No,4191,home,No
44,97314,709,12248,7.6,Yes,0.299,No,9916,personal,No
64,34087,687,12582,2.0,2,0.486,2,5391,auto,Yes
61,76106,622,24089,14.1,14,0.326,No,21667,home,No
22,69504,739,15422,0.9,8,0.496,No,6968,education,No
36,78052,647,24079,1.3,7,0.328,2,11903,personal,No
32,75000,673,7787,2.8,9,0.47,Yes,1932,home,Yes
53,80523,738,8947,5.4,10,0.194,No,8867,auto,No
46,52677,638,9837,6.1,2,0.435,No,24847,auto,No
44,52377,606,3010,No,4,0.329,2,5101,home,Yes
31,45060,621,14761,2.9,5,0.335,2,2010,education,Yes
50,43822,546,12913,1.5,6,0.609,2,2693,auto,Yes
40,46453,578,5353,5.8,5,0.507,Yes,4590,auto,Yes
27,60533,597,10372,No,12,0.63,Yes,No,personal,Yes
62,50995,490,15672,5.5,11,0.385,No,3522,auto,Yes
25,53453,671,24746,0.9,3,0.384,No,15203,education,No
43,73059,665,13262,4.0,14,0.275,Yes,25724,home,No
55,96300,572,6325,No,8,0.263,No,19760,auto,No
23,49172,606,7950,5.7,6,0.716,Yes,4262,education,Yes
61,73418,677,25518,13.4,6,0.424,No,21608,home,No
40,69567,691,24314,6.0,12,0.333,No,13948,personal,No
37,61738,747,16551,9.5,5,0.252,No,26853,auto,No
45,62527,842,12934,4.0,10,0.43,No,15685,auto,No
25,48269,686,7890,7.0,5,0.344,No,No,auto,No
43,42339,574,15773,5.0,12,0.67,No,12241,personal,Yes
61,20930,635,13249,5.5,3,0.524,4,4066,home,Yes
22,48207,653,10525,7.2,11,0.599,Yes,95,auto,Yes
31,71326,594,11664,13.2,5,0.356,No,4948,auto,No
40,72911,628,26747,6.5,3,0.224,No,12769,home,No
34,66596,680,8285,8.2,6,0.374,No,12603,education,No
54,65127,602,12476,6.9,6,0.465,Yes,32750,auto,No
28,59228,816,14794,5.1,2,0.341,Yes,14066,home,No
56,49124,640,19097,5.2,3,0.577,4,1793,personal,Yes
23,19778,678,29673,5.1,12,0.33,No,4129,personal,Yes
28,17391,535,1978,5.5,6,0.398,No,2906,education,Yes
53,87250,809,16566,2.0,11,0.455,No,3411,home,No
62,90603,665,4780,12.4,4,0.345,No,16451,education,No
27,49581,670,8101,2.6,12,0.612,Yes,No,home,Yes
41,45070,657,23188,5.8,5,0.582,No,No,education,Yes
49,26552,545,7130,1.4,12,0.506,4,2815,auto,Yes
63,43454,608,15595,No,7,0.452,Yes,1812,auto,Yes
26,44322,661,19614,6.9,2,0.384,No,13068,home,No
46,24479,551,21161,6.3,12,0.487,Yes,3342,home,Yes
63,52995,625,12335,4.8,Yes,0.416,4,No,personal,Yes
40,94906,647,17896,8.3,8,0.298,Yes,27154,education,No
47,46230,523,10387,5.3,2,0.613,4,4397,auto,Yes
24,83135,689,1000,14.4,12,0.303,No,11118,personal,No
64,67573,658,8161,6.0,13,0.356,Yes,5814,home,No
22,102795,625,6747,9.8,13,0.235,No,10261,auto,No
45,42783,372,1000,5.6,9,0.603,Yes,2896,auto,Yes
63,60885,751,18004,8.2,5,0.145,No,9127,personal,No
54,68552,850,4627,1.6,Yes,0.407,No,14598,auto,No
32,20321,518,5441,6.6,8,0.579,2,2254,auto,Yes
30,50820,705,2616,7.2,11,0.214,No,19412,personal,No
37,62704,699,15291,No,3,0.197,No,29044,auto,No
24,33538,614,13238,6.6,10,0.578,2,3372,auto,Yes
56,37848,601,11805,9.5,10,0.314,3,680,personal,Yes
39,43199,638,10413,10.2,2,0.275,No,30896,home,No
37,77037,550,17061,8.8,3,0.468,2,28633,home,No
23,45434,504,12527,3.1,7,0.413,2,9362,personal,Yes
28,37800,684,17755,0.8,2,0.678,No,6834,auto,Yes
55,45707,779,19103,15.2,4,0.139,Yes,16690,personal,No
51,44264,450,8743,0.3,Yes,0.48,Yes,2878,personal,Yes
26,74291,675,17266,No,8,0.313,No,14637,home,No
62,45434,625,6189,2.3,5,0.535,Yes,4086,auto,Yes
52,74380,727,2173,6.2,8,0.093,No,18858,home,No
63,52877,476,12666,3.8,12,0.455,2,2161,auto,Yes
53,101425,850,19640,11.0,2,0.336,No,15763,auto,No
47,28307,604,6868,No,4,0.506,4,2311,auto,Yes
34,77520,813,4946,6.6,5,0.324,No,22612,personal,No
59,64833,717,16235,8.2,7,0.169,No,10482,auto,No
24,85408,762,15942,8.8,3,0.059,No,13325,auto,No
56,69879,580,11470,6.5,6,0.778,No,503,personal,Yes
26,77579,727,8417,6.5,8,0.127,Yes,17365,education,No
51,39011,636,13288,2.9,6,0.351,No,14575,home,No
44,46728,592,15970,6.9,4,0.224,No,4063,auto,No
34,72893,550,8477,8.9,13,0.306,No,17373,personal,No
26,47771,619,24958,13.5,13,0.368,No,No,education,No
47,51271,612,1000,6.2,3,0.353,No,19378,home,No
28,54836,579,22366,3.1,7,0.596,Yes,8442,home,Yes
23,27654,559,3536,1.1,3,0.632,Yes,3048,home,Yes
59,49436,644,1000,2.7,3,0.537,Yes,2961,auto,Yes
31,31362,518,1000,1.8,11,0.488,2,3581,home,Yes
62,66079,626,4567,11.9,6,0.181,No,16402,education,No
50,36064,697,13961,2.4,7,0.291,No,18855,home,No
24,34268,803,3484,11.5,2,0.215,No,7907,education,No
63,38971,681,1000,1.3,2,0.44,Yes,4999,education,Yes
35,87715,677,14416,13.8,12,0.237,No,8345,personal,No
48,75000,537,15397,0.2,10,0.795,Yes,3345,personal,Yes
52,54238,630,12636,7.2,7,0.554,Yes,6908,personal,Yes
24,45721,642,3067,0.6,7,0.481,Yes,9947,auto,No
51,73968,667,1000,No,4,0.217,Yes,19778,auto,No
44,70545,665,9181,9.7,Yes,0.338,Yes,28997,home,No
28,36844,684,14616,11.6,Yes,0.227,Yes,19465,personal,No
29,91144,729,25227,7.3,12,0.249,No,14492,auto,No
30,25145,584,10361,3.8,9,0.321,No,3988,auto,Yes
57,40094,648,21340,6.3,14,0.406,No,662,home,Yes
64,20694,583,21832,3.5,5,0.622,Yes,8022,personal,Yes
27,59281,623,9635,12.3,6,0.27,Yes,22122,education,No
52,65896,693,4811,7.4,4,0.27,No,28008,education,No
64,58339,642,15070,4.2,8,0.658,Yes,3937,education,Yes
31,53453,698,4408,9.1,6,0.237,No,19977,home,No
52,78154,718,13351,0.5,7,0.347,No,10752,auto,No
46,55536,504,1078,No,14,0.496,Yes,3603,personal,Yes
54,67742,722,15142,5.2,14,0.35,No,12532,personal,No
44,76438,744,9582,2.9,10,0.439,No,13162,home,No
38,24090,663,7730,3.6,7,0.416,No,10151,home,Yes
54,76188,724,18851,8.6,3,0.289,No,10976,personal,No
53,41054,688,5574,9.0,14,0.399,No,5792,education,No
29,38188,522,12299,4.6,6,0.582,No,9528,education,Yes
24,72063,579,18261,9.1,10,0.254,No,22807,auto,No
49,53673,679,14807,12.2,8,0.293,No,18269,education,No
38,50451,793,13097,9.7,5,0.198,No,7586,education,No
26,56098,631,7274,No,10,0.284,Yes,No,auto,Yes
29,56539,707,4821,4.9,6,0.228,2,17941,personal,No
61,74015,594,16897,15.7,8,0.355,No,7660,home,No
31,39094,686,10306,6.9,Yes,0.45,4,6896,auto,Yes
48,51388,531,17529,2.4,11,0.622,2,7586,home,Yes
44,41477,607,10594,7.9,Yes,0.44,Yes,2751,home,Yes
34,47035,689,19994,6.8,10,0.355,No,36544,education,No
42,21391,556,18933,No,8,0.712,No,2608,auto,Yes
26,20193,546,14866,3.6,14,0.602,Yes,1017,personal,Yes
34,56624,600,16981,10.4,10,0.381,2,14812,personal,No
40,81672,762,20819,4.9,9,0.202,No,13123,home,No
53,38585,675,11136,2.7,12,0.207,No,18183,personal,No
52,34393,693,23978,0.3,14,0.353,No,210,personal,Yes
58,23583,565,9100,8.5,8,0.459,4,5809,education,Yes
44,53706,582,23965,4.2,5,0.644,2,1778,education,Yes
36,45253,638,4141,3.1,12,0.7,2,3042,personal,Yes
60,59098,722,9585,10.1,5,0.537,No,23171,auto,No
58,58566,744,15597,6.9,6,0.326,No,12584,home,No
34,14361,609,24900,0.3,11,0.648,2,4339,auto,Yes
36,19092,511,10244,6.6,10,0.673,2,254,auto,Yes
49,28386,513,12554,2.1,3,0.594,4,2262,home,Yes
23,105163,724,8689,9.2,9,0.182,Yes,27303,home,No
44,69993,658,21781,9.3,14,0.267,No,38882,personal,No
39,57139,639,22194,8.3,4,0.51,No,20004,home,No
54,35423,664,8755,17.4,10,0.543,No,22218,home,No
32,55544,537,14068,1.5,11,0.362,No,3888,auto,Yes
25,15222,624,11758,Yes,8,0.463,4,1685,education,Yes
53,55090,667,1095,8.7,14,0.244,No,23772,home,No
57,81876,723,3611,12.9,8,0.293,No,4420,home,No
44,30744,583,5435,Yes,13,0.696,2,1657,auto,Yes
54,32514,447,16445,4.5,4,0.692,Yes,No,auto,Yes
55,53882,747,24559,8.9,13,0.352,Yes,35966,auto,No
41,53084,658,12470,14.8,14,0.228,No,26451,auto,No
37,34202,562,1000,0.1,12,0.451,4,5735,auto,Yes
28,52679,493,1000,5.1,5,0.456,2,No,auto,Yes
59,66590,533,15137,4.0,6,0.516,4,5693,education,Yes
62,10000,571,3997,6.2,4,0.422,No,7346,home,Yes
38,47785,720,11876,3.1,7,0.373,Yes,574,auto,Yes
53,11203,617,8175,No,Yes,0.502,2,7818,auto,Yes
55,27138,628,18259,No,2,0.366,4,3602,personal,Yes
39,66764,646,11129,9.9,10,0.2,No,2147,auto,No
29,48791,513,16981,4.7,9,0.569,4,1386,personal,Yes
50,49392,736,16662,6.2,2,0.278,No,No,auto,No
24,39729,648,19705,7.8,2,0.528,No,No,auto,Yes
34,54510,639,9594,5.9,2,0.073,No,11735,personal,No
58,96185,624,9838,12.3,11,0.33,No,21550,home,No
47,15657,646,15413,No,5,0.25,2,7287,home,Yes
32,69844,726,22750,7.7,11,0.317,No,4662,auto,No
25,26540,720,9478,3.7,6,0.463,No,2384,auto,Yes
31,42310,695,5785,3.9,14,0.434,Yes,1491,auto,Yes
22,32128,684,7186,1.6,14,0.796,2,74,personal,Yes
22,29602,569,19885,3.4,3,0.681,2,2156,personal,Yes
47,85113,690,12922,12.2,3,0.359,No,14752,personal,No
47,68325,607,6413,13.1,6,0.341,No,2482,personal,No
36,38123,567,8240,1.2,5,0.529,2,5732,home,Yes
42,20170,525,5004,No,9,0.49,2,3661,personal,Yes
47,61562,782,16829,11.6,4,0.262,Yes,26647,auto,No
37,29373,614,14058,9.2,9,0.117,Yes,23379,education,No
33,49471,641,2655,0.4,6,0.532,No,3437,auto,Yes
29,63711,596,1000,7.9,10,0.351,No,7604,auto,No
56,37814,712,7165,2.1,9,0.649,2,4784,personal,Yes
34,25000,752,3109,13.4,14,0.219,No,5955,home,No
45,60268,751,11729,4.3,Yes,0.202,No,26284,education,No
51,73941,553,9835,10.3,5,0.242,2,6843,education,No
26,66316,517,15463,5.2,2,0.527,Yes,6486,home,Yes
62,55925,850,9486,7.5,8,0.277,No,10869,auto,No
31,85028,657,13625,No,7,0.137,No,20451,auto,No
43,27094,463,26575,5.0,Yes,0.455,Yes,5308,auto,Yes
51,50711,577,15409,4.9,14,0.431,No,6162,personal,Yes
53,49313,580,17389,No,6,0.59,2,No,home,Yes
50,38703,604,17889,No,7,0.535,3,5975,home,Yes
49,56842,713,21285,3.7,13,0.339,No,8600,auto,No
30,48453,607,7410,No,10,0.721,Yes,8567,personal,Yes
29,35422,679,9221,3.7,4,0.583,Yes,8325,personal,Yes
34,10709,719,9528,3.4,8,0.729,4,6156,education,Yes
60,43845,488,22248,4.2,2,0.524,Yes,No,home,Yes
28,47648,611,25437,4.1,14,0.475,Yes,9506,education,Yes
50,41260,720,1000,3.4,10,0.423,Yes,3262,home,Yes
49,41814,455,19902,5.0,8,0.549,2,65,auto,Yes
52,56428,787,12325,10.7,5,0.277,No,No,home,No
56,40092,606,1000,5.0,3,0.404,2,3704,auto,Yes
33,65004,649,17896,3.0,13,0.253,Yes,3979,auto,No
40,33157,449,13852,3.5,2,0.512,3,No,home,Yes
31,57087,596,13920,Yes,10,0.531,2,10298,personal,Yes
34,35386,523,16559,2.3,9,0.498,No,8148,auto,Yes
40,68839,698,14916,5.2,11,0.274,Yes,8397,education,No
30,108427,705,4623,7.5,4,0.282,No,20636,personal,No
61,42015,442,16628,0.5,12,0.78,2,3790,home,Yes
39,49126,640,13748,11.8,7,0.416,No,12762,auto,No
38,72589,832,16683,3.4,10,0.177,No,21513,education,No
26,73959,705,21367,10.6,6,0.299,2,12430,auto,No
56,49593,622,9344,4.1,Yes,0.453,2,2222,personal,Yes
40,51913,610,18492,3.5,Yes,0.514,2,1448,education,Yes
54,40812,515,12756,0.8,8,0.542,No,70,education,Yes
56,24848,720,6024,5.6,9,0.577,Yes,4527,auto,Yes
35,48082,756,9707,No,3,0.302,Yes,12960,home,No
32,64473,746,1304,9.3,5,0.305,No,13125,home,No
59,85179,726,14807,8.9,6,0.393,Yes,18464,education,No
23,90229,704,23334,3.8,12,0.408,No,713,home,No
22,49730,720,8312,5.1,13,0.513,4,3846,auto,Yes
60,48763,739,19123,12.5,6,0.455,No,19958,auto,No
25,49059,568,6399,6.4,11,0.592,Yes,9466,education,Yes
50,48205,496,24968,No,13,0.531,2,No,auto,Yes
49,47931,497,1000,No,2,0.551,4,3765,auto,Yes
40,86116,665,2901,11.7,6,0.285,No,10627,home,No
45,45024,622,12570,5.8,8,0.724,Yes,3137,personal,Yes
24,42868,716,6754,8.2,12,0.194,No,19517,personal,No
24,56381,626,17792,12.1,2,0.155,Yes,10289,personal,No
28,52561,436,14223,0.7,Yes,0.588,No,2723,auto,Yes
46,50087,777,21720,10.9,2,0.385,No,3755,personal,No
54,65345,746,3363,4.3,Yes,0.234,Yes,4502,home,No
30,44987,654,8512,No,12,0.49,4,9412,personal,Yes
34,14415,571,19623,9.3,12,0.39,2,No,personal,Yes
34,32741,378,17937,No,13,0.601,No,No,auto,Yes
34,23552,447,16500,No,13,0.45,Yes,7415,auto,Yes
39,10629,703,13189,5.0,Yes,0.484,Yes,No,personal,Yes
50,58246,550,2897,7.7,3,0.536,Yes,6265,auto,No
48,47023,632,17463,2.6,14,0.49,No,520,auto,Yes
59,73319,723,11821,5.1,5,0.348,No,13047,home,No
52,74621,725,14780,0.7,11,0.27,No,22323,auto,No
34,50196,719,3724,4.6,6,0.465,No,34414,auto,No
24,39183,507,13221,3.0,5,0.571,2,9252,home,Yes
58,31563,594,19545,1.3,5,0.802,3,5908,personal,Yes
46,43145,656,12909,0.9,14,0.409,Yes,3667,personal,Yes
46,54329,614,1000,Yes,5,0.633,Yes,2347,education,Yes
25,41061,525,15703,2.3,6,0.532,Yes,171,home,Yes
58,71188,827,14571,2.1,8,0.258,No,10145,education,No
35,57633,601,21498,14.1,3,0.275,No,4932,personal,No
35,52495,607,11842,6.9,13,0.05,No,9323,home,No
43,39073,619,7842,2.5,3,0.633,Yes,7684,home,Yes
39,22973,626,6336,No,Yes,0.691,2,No,auto,Yes
62,45538,702,3954,0.4,2,0.639,3,4237,auto,Yes
46,51574,531,9954,3.9,13,0.851,2,No,home,Yes
62,100576,646,11189,7.3,11,0.216,No,15348,home,No
32,67581,716,1000,6.0,8,0.351,No,13156,home,No
33,60554,609,14161,5.3,12,0.425,No,15988,personal,No
43,65010,735,10058,7.8,6,0.256,No,17977,auto,No
24,28930,595,3108,9.5,Yes,0.415,Yes,No,personal,No
28,35041,535,2887,2.9,11,0.571,No,8989,home,Yes
63,23616,559,16061,0.4,2,0.555,No,5370,home,Yes
22,55839,714,1000,4.9,7,0.13,No,22348,personal,No
33,31465,622,14984,2.3,7,0.706,No,8368,personal,Yes
25,70409,712,14689,No,10,0.155,No,11342,home,No
24,32774,720,15556,4.0,12,0.556,3,3819,home,Yes
54,67732,671,14676,3.3,14,0.342,No,10689,personal,No
32,60200,764,12843,7.8,6,0.152,No,2715,home,No
44,50052,580,13674,7.9,14,0.317,No,14748,personal,No
43,60239,805,20295,13.1,12,0.468,No,15687,home,No
24,86670,736,4439,11.7,4,0.329,No,22975,home,No
59,77069,781,8762,9.5,9,0.21,No,10146,auto,No
64,37678,572,10409,10.8,6,0.304,No,27503,education,No
42,67966,664,12030,7.1,6,0.299,No,29474,auto,No
62,80978,644,10169,10.6,7,0.308,No,10604,auto,No
63,31996,590,20833,3.6,9,0.409,Yes,No,home,Yes
59,32066,613,9652,5.0,8,0.816,Yes,6213,home,Yes
34,33369,615,15943,No,9,0.383,Yes,3411,auto,Yes
50,39370,587,14738,4.3,9,0.272,Yes,4784,personal,Yes
44,31752,592,8685,1.3,5,0.511,Yes,2304,personal,Yes
42,41441,662,12713,3.2,Yes,0.389,2,12492,home,No
54,10000,541,5308,No,13,0.773,Yes,1340,auto,Yes
30,72531,700,12502,5.7,11,0.283,2,19585,education,No
53,42682,663,15587,1.3,8,0.693,2,No,home,Yes
28,48411,503,16678,5.4,7,0.693,Yes,3610,home,Yes
36,38203,559,10433,1.3,12,0.474,No,3115,auto,Yes
31,30916,617,1000,1.5,9,0.314,Yes,4546,personal,Yes
63,46961,706,1000,6.7,2,0.274,No,14948,home,No
23,45607,624,12639,5.1,10,0.741,No,1355,personal,Yes
63,38873,590,19760,2.9,10,0.647,4,10146,education,Yes
54,10000,537,1000,2.7,9,0.581,No,10626,auto,Yes
37,52403,604,3413,2.4,11,0.678,Yes,2841,auto,Yes
53,43590,514,9438,4.1,14,0.562,No,4893,auto,Yes
33,56916,556,11234,1.9,3,0.704,Yes,1504,personal,Yes
62,27274,607,8801,0.4,2,0.63,Yes,No,home,Yes
46,20968,512,11084,2.8,7,0.568,2,3277,home,Yes
44,33935,726,23560,1.4,Yes,0.338,No,21996,home,No
25,53289,551,7280,No,5,0.588,No,5693,home,Yes
48,28089,615,16383,5.1,9,0.538,No,5437,personal,Yes
25,69437,593,13478,6.5,7,0.457,No,7839,auto,No
40,18341,704,26151,1.5,6,0.294,3,3826,personal,Yes
47,75354,698,16368,8.4,11,0.367,No,12601,home,No
40,31769,622,1000,9.2,Yes,0.46,No,16130,personal,No
50,65022,705,6602,9.8,6,0.308,No,38593,auto,No
58,60901,613,12956,No,13,0.395,No,6108,auto,Yes
55,43745,703,12860,5.2,3,0.321,Yes,26227,auto,No
50,38224,678,21220,1.6,6,0.649,2,No,auto,Yes
25,23751,525,8540,6.2,8,0.475,Yes,2109,personal,Yes
62,34700,614,7904,No,6,0.556,2,3426,home,Yes
30,70754,772,5863,6.3,12,0.207,Yes,18638,education,No
44,48967,513,7310,5.3,12,0.693,Yes,No,auto,Yes
51,44713,666,4183,4.6,10,0.495,Yes,10796,auto,Yes
54,85058,651,7175,12.1,13,0.11,No,20583,home,No
41,58693,629,17519,5.5,14,0.54,3,3555,auto,Yes
23,59402,495,3852,4.0,10,0.514,2,8804,education,Yes
30,75881,677,4267,6.5,13,0.369,No,27259,auto,No
38,39160,546,12506,4.7,11,0.656,No,523,home,Yes
38,100922,753,3192,No,Yes,0.249,No,14236,home,No
41,45784,686,2601,5.9,4,0.581,3,4661,home,Yes
28,33379,670,5603,4.2,3,0.55,No,No,auto,Yes
37,38879,724,19215,4.4,3,0.225,No,11274,home,No
41,65376,733,7050,7.8,12,0.194,No,19086,personal,No
60,60734,626,12156,2.3,4,0.535,2,No,home,Yes
52,42273,555,9265,No,2,0.251,No,No,education,Yes
48,31720,604,12514,4.1,8,0.526,4,6874,home,Yes
43,36062,819,16582,11.9,7,0.318,No,17797,auto,No
50,71258,765,16689,7.2,Yes,0.228,Yes,13353,personal,No
35,76994,643,10719,5.3,5,0.348,No,14506,home,No
24,25000,665,25225,5.3,Yes,0.297,No,18658,personal,No
29,16177,709,17415,No,6,0.494,Yes,4208,home,Yes
31,22968,658,1000,5.1,2,0.601,No,6645,home,Yes
40,55356,586,16109,11.1,6,0.364,No,8291,auto,No
59,75519,594,14683,6.3,3,0.526,No,18706,education,No
31,48349,612,23245,0.6,12,0.501,2,4476,home,Yes
52,53713,516,11268,1.3,14,0.401,No,2292,home,Yes
23,47227,679,29588,3.9,2,0.571,2,1104,personal,Yes
28,34852,474,9855,3.1,5,0.545,Yes,815,auto,Yes
25,50959,675,9851,1.6,Yes,0.428,Yes,5645,home,Yes
45,40212,485,13424,No,9,0.34,4,6567,auto,Yes
62,42558,451,4688,2.3,5,0.373,2,6785,home,Yes
50,22295,449,4842,6.9,9,0.59,2,2532,home,Yes
64,18399,575,4122,4.5,4,0.531,No,3290,education,Yes
47,29963,591,15278,5.4,11,0.464,No,6252,education,Yes
30,10000,680,13188,No,7,0.493,3,5648,auto,Yes
53,30460,564,12377,2.2,13,0.609,3,No,personal,Yes
34,57042,585,4603,1.4,5,0.54,3,No,auto,Yes
57,28010,720,21836,No,9,0.532,2,8891,education,Yes
42,72327,662,4364,5.3,7,0.305,No,20543,auto,No
43,66833,738,13871,3.2,14,0.218,No,16525,auto,No
64,36393,583,15624,1.2,10,0.826,2,2174,auto,Yes
27,59533,749,18518,3.7,13,0.266,Yes,18117,home,No
38,46786,597,18233,3.5,2,0.395,4,2822,personal,Yes
45,100250,608,14987,5.9,10,0.285,No,12327,auto,No
49,11242,656,9673,4.4,8,0.823,2,799,personal,Yes
52,69777,633,8523,9.9,5,0.405,2,7837,personal,No
51,32601,622,12226,4.4,4,0.417,3,4620,auto,Yes
51,52566,473,1000,No,13,0.606,No,1525,auto,Yes
34,26069,612,1138,4.9,7,0.589,No,3790,auto,Yes
58,45510,720,15850,3.4,9,0.613,2,1542,auto,Yes
38,40519,628,4995,No,13,0.434,Yes,1301,education,Yes
56,31836,689,13731,5.3,9,0.642,3,3546,auto,Yes
49,72775,590,16652,12.1,13,0.229,No,No,education,No
43,51283,572,5486,2.0,12,0.505,No,333,home,Yes
40,58627,641,9122,5.7,5,0.096,No,28600,auto,No
56,68591,661,5415,3.7,12,0.509,2,No,education,Yes
38,40057,453,1784,Yes,3,0.495,No,1789,auto,Yes
64,45908,576,2526,2.9,13,0.559,No,No,personal,Yes
51,86815,847,15774,11.0,5,0.344,2,24744,education,No
22,30587,366,7777,No,3,0.453,3,No,personal,Yes
41,35191,429,3655,7.4,4,0.425,Yes,No,auto,Yes
25,71775,739,9132,6.3,6,0.152,No,No,auto,No
46,79101,601,11835,5.8,2,0.387,No,8840,personal,No
35,39183,657,17264,1.6,12,0.703,2,7652,personal,Yes
58,82619,802,1000,7.5,Yes,0.295,No,10541,home,No
32,33727,545,5436,No,7,0.507,3,No,home,Yes
48,52474,465,15386,2.3,4,0.589,Yes,No,home,Yes
39,62070,682,10043,0.7,Yes,0.295,No,5899,home,No
37,75097,682,19790,11.8,5,0.215,No,16658,auto,No
36,33307,556,12879,0.3,5,0.595,4,1314,home,Yes
54,38044,564,7150,6.5,3,0.631,No,3300,personal,Yes
27,24997,609,1158,2.1,5,0.572,Yes,1387,home,Yes
56,31049,626,10432,2.7,7,0.589,Yes,No,auto,Yes
58,48234,460,19132,4.5,4,0.522,Yes,8104,home,Yes
52,26711,665,12075,5.8,12,0.567,2,No,personal,Yes
32,43574,714,29421,0.3,12,0.657,No,No,personal,Yes
51,39622,631,7542,5.3,4,0.473,2,3431,auto,Yes
38,86400,700,9512,4.7,7,0.236,No,11055,home,No
27,27264,562,22886,4.3,4,0.662,2,3897,auto,Yes
38,27708,544,9702,6.2,9,0.592,2,1185,home,Yes
28,37491,547,10314,3.1,10,0.566,No,2437,personal,Yes
64,83935,620,13911,14.6,10,0.144,No,16471,home,No
30,44807,434,12619,No,9,0.611,2,3779,home,Yes
23,57950,779,6546,11.7,10,0.26,No,26052,auto,No
34,25000,699,18466,15.2,8,0.273,No,19576,home,No
59,16225,648,9434,1.2,11,0.648,Yes,2189,auto,Yes
50,44350,720,10780,5.5,3,0.567,Yes,4545,home,Yes
54,83704,727,23220,No,14,0.228,No,21787,personal,No
47,68774,631,7444,5.0,6,0.179,No,31452,auto,No
23,78462,728,9309,11.3,5,0.285,No,24357,personal,No
23,45696,521,6903,5.5,8,0.337,Yes,No,auto,Yes
35,65404,645,6950,14.5,9,0.3,No,18278,home,No
35,64124,766,9088,4.6,5,0.283,Yes,18661,education,No
53,38440,561,18118,5.6,8,0.638,Yes,7307,home,Yes
48,52837,850,1000,4.5,11,0.278,Yes,13586,auto,No
53,61753,721,18364,3.4,5,0.273,2,12364,home,No
45,69141,788,13683,13.4,12,0.235,No,28911,home,No
56,33878,607,1000,3.3,6,0.577,Yes,2357,education,Yes
31,73317,737,10484,1.2,5,0.331,No,12185,auto,No
23,27195,581,10630,0.9,Yes,0.734,No,8229,home,Yes
51,38062,634,8501,5.3,14,0.223,No,21146,auto,No
45,73574,761,4447,8.3,9,0.151,No,19444,home,No
38,26558,617,4692,10.0,5,0.367,No,10360,auto,No
52,92607,550,17862,0.4,13,0.212,No,12538,auto,No
39,35121,602,13617,3.7,3,0.724,No,1284,home,Yes
25,89492,707,10047,6.1,14,0.286,2,17940,personal,No
23,56071,584,15825,3.0,10,0.383,Yes,10110,auto,Yes
23,42303,641,6086,1.8,13,0.484,Yes,1202,auto,Yes
25,43497,510,15821,4.2,10,0.308,4,4030,home,Yes
27,32225,596,20562,No,11,0.383,Yes,5496,auto,Yes
27,84009,761,11971,12.2,12,0.4,Yes,18997,auto,No
38,23580,532,9862,2.0,4,0.487,3,No,personal,Yes
57,43509,571,22498,5.7,8,0.222,No,21491,education,No
54,79852,840,13991,6.6,7,0.281,Yes,2312,personal,No
28,112598,755,12155,6.3,12,0.364,No,16802,home,No
35,60853,706,10879,3.8,11,0.255,No,10790,auto,No
57,65615,639,14661,7.8,2,0.399,No,2611,auto,No
44,75822,695,3209,11.6,14,0.243,No,18113,personal,No
37,38272,598,16902,4.1,11,0.3,Yes,7171,auto,Yes
44,55206,642,1000,5.8,11,0.291,2,20212,personal,No
61,70545,690,16613,6.6,4,0.448,Yes,966,education,Yes
37,71788,649,1000,4.9,6,0.397,2,17354,home,No
33,32195,656,13603,4.4,Yes,0.456,Yes,1256,home,Yes
26,79231,676,9674,5.6,5,0.18,Yes,28480,personal,No
36,35615,583,5298,No,10,0.431,Yes,7784,personal,Yes
50,34672,499,20673,0.2,9,0.597,No,4406,auto,Yes
47,40175,669,21458,4.0,4,0.693,No,No,personal,Yes
29,75594,648,4373,6.0,12,0.385,2,19900,personal,No
63,37314,686,19412,8.0,8,0.688,2,No,personal,Yes
58,91818,769,8498,8.7,Yes,0.145,No,8722,home,No
47,37189,554,4038,1.5,12,0.385,No,889,auto,Yes
60,69703,703,28871,4.3,14,0.413,No,10894,education,No
56,57944,641,18519,8.7,13,0.392,No,10687,personal,No
50,60032,472,10083,2.2,13,0.633,No,No,home,Yes
40,39135,624,11640,0.5,13,0.555,Yes,3632,home,Yes
48,39923,524,1000,2.1,4,0.562,Yes,7036,home,Yes
41,85523,710,14090,4.6,5,0.461,No,7413,auto,No
26,63636,742,11560,3.0,4,0.385,No,No,education,No
37,50253,759,9775,8.5,9,0.225,No,19277,auto,No
33,44711,468,11323,1.3,13,0.5,Yes,3619,home,Yes
49,15608,563,8758,9.2,10,0.556,2,1349,auto,Yes
57,74405,655,11633,4.0,14,0.241,No,8213,home,No
27,47960,668,2305,0.6,9,0.433,Yes,3050,education,Yes
36,62194,743,15628,2.6,9,0.235,Yes,9902,auto,No
47,45271,720,3911,2.1,Yes,0.531,No,No,auto,Yes
22,35132,459,1000,1.3,3,0.399,2,5915,home,Yes
56,51592,730,15467,9.4,11,0.468,No,17720,home,No
39,36019,507,13384,5.0,10,0.409,3,2538,auto,Yes
44,47339,657,12507,10.0,14,0.391,Yes,6664,auto,No
56,58340,690,14104,7.7,13,0.471,No,3403,home,No
39,45086,474,14706,2.9,7,0.487,No,3651,personal,Yes
55,17413,569,21157,2.9,14,0.664,Yes,5082,personal,Yes
54,70811,720,1439,5.1,Yes,0.796,Yes,6632,education,Yes
25,64663,684,7304,3.9,4,0.314,No,17431,personal,No
22,79722,630,18841,4.1,8,0.341,No,11065,home,No
60,84817,762,21246,6.1,Yes,0.215,No,23995,home,No
47,42049,559,9053,3.0,11,0.591,2,6,education,Yes
44,18464,547,6642,0.1,3,0.573,Yes,6503,home,Yes
37,79021,751,24854,7.3,10,0.318,No,21761,auto,No
57,77483,660,10201,10.9,6,0.272,No,10137,home,No
26,72861,717,7535,13.6,12,0.309,Yes,20036,auto,No
61,74236,773,6950,10.7,4,0.232,No,21877,auto,No
40,81067,658,20650,5.8,9,0.259,No,7961,auto,No
44,37422,403,13439,3.7,14,0.501,No,No,personal,Yes
46,39830,675,6577,4.8,14,0.552,2,No,auto,Yes
37,77354,717,8231,13.8,13,0.329,Yes,21832,home,No
44,21495,519,14159,1.2,2,0.674,No,3490,personal,Yes
46,54675,691,18939,5.4,8,0.152,No,23572,education,No
22,44718,557,10204,13.0,4,0.189,Yes,21638,auto,No
30,64987,702,19030,3.1,4,0.131,No,27507,personal,No
40,23101,519,12859,5.5,3,0.611,No,No,home,Yes
60,52804,841,11867,6.7,10,0.244,Yes,9802,personal,No
47,42364,701,5406,5.0,8,0.377,No,5140,home,No
31,80316,762,12406,6.9,12,0.255,No,6889,personal,No
26,15849,494,28653,Yes,7,0.645,No,761,personal,Yes
36,20963,529,11852,5.2,9,0.286,2,3126,auto,Yes
53,46222,636,10260,No,4,0.59,2,1393,education,Yes
57,37441,715,19140,7.3,4,0.584,No,7135,home,Yes
41,57558,643,4212,0.3,10,0.28,No,17338,home,No
41,32263,464,1443,No,13,0.461,4,4578,home,Yes
35,10000,568,11168,No,7,0.823,2,5937,home,Yes
51,28429,516,14489,6.8,8,0.62,2,3159,personal,Yes
32,92882,765,13774,8.7,Yes,0.283,No,22530,personal,No
27,31339,528,12731,3.9,5,0.753,No,3338,auto,Yes
51,22207,638,9033,3.1,10,0.484,4,8169,auto,Yes
63,50190,660,15149,3.7,8,0.681,3,No,education,Yes
28,21228,680,14700,No,9,0.805,Yes,10359,education,Yes
39,25000,586,4749,7.2,2,0.324,No,24789,home,No
33,38578,480,14137,No,7,0.559,Yes,1161,personal,Yes
52,45935,621,5797,1.6,12,0.372,No,10789,home,Yes
64,87245,681,12358,5.4,13,0.091,Yes,24832,home,No
57,18766,720,14174,4.5,5,0.584,Yes,9229,auto,Yes
27,34322,476,16088,No,13,0.602,Yes,2599,personal,Yes
49,48697,725,19096,8.0,3,0.319,No,14463,home,No
57,44903,823,24775,2.6,7,0.235,No,19279,auto,No
59,54542,519,12824,4.2,7,0.25,3,1611,auto,Yes
63,69862,635,14379,2.3,7,0.48,Yes,2884,personal,Yes
33,14308,430,20143,8.8,3,0.528,Yes,9345,education,Yes
30,36184,850,7188,6.3,9,0.182,No,12036,home,No
42,55232,683,11131,10.7,10,0.334,No,17172,personal,No
42,71401,761,6081,14.6,13,0.3,No,15191,education,No
50,40413,610,19339,10.7,10,0.325,Yes,16764,education,No
52,40774,627,22042,6.1,14,0.223,No,8054,home,No
38,82772,715,14634,6.0,6,0.207,No,9426,auto,No
40,43934,580,18086,3.3,2,0.378,Yes,83,personal,Yes
28,43027,764,6857,9.8,7,0.396,No,9995,auto,No
24,73327,711,7828,4.2,13,0.465,2,18836,auto,No
36,38953,623,12788,6.9,5,0.523,3,5106,personal,Yes
34,61702,796,1000,9.0,Yes,0.438,No,8336,personal,No
44,51347,811,12064,8.1,7,0.076,No,11002,personal,No
39,47829,662,19373,2.7,14,0.318,Yes,17739,home,No
22,19225,538,13840,3.7,4,0.587,No,6114,education,Yes
49,77956,741,13499,9.5,11,0.406,No,31098,personal,No
41,18550,526,8059,3.9,6,0.546,Yes,8398,home,Yes
58,25000,584,21040,5.5,5,0.111,No,22374,education,No
25,52841,605,10450,No,12,0.565,No,2529,home,Yes
29,51631,720,27622,2.5,13,0.552,4,No,auto,Yes
24,77749,682,22411,7.7,5,0.318,Yes,26549,auto,No
43,32985,809,8632,15.7,10,0.142,No,14731,home,No
64,40167,725,6629,5.5,Yes,0.195,No,28755,home,No
24,77304,658,2583,2.2,14,0.337,2,6161,personal,No
39,53311,699,14425,3.3,10,0.146,No,30701,auto,No
42,59085,676,17677,8.3,9,0.276,Yes,22177,home,No
61,46471,746,16310,6.5,12,0.212,No,10750,auto,No
54,61511,632,9391,6.5,3,0.327,No,17623,education,No
27,41750,671,19064,4.6,2,0.61,Yes,2782,auto,Yes
59,32581,810,15468,4.4,3,0.113,No,23141,education,No
37,28797,525,21552,5.6,8,0.701,2,5008,home,Yes
26,66612,815,12863,9.4,8,0.448,Yes,22098,education,No
52,52847,841,6301,10.1,8,0.203,No,19565,personal,No
24,93450,808,1194,12.2,8,0.351,No,18706,home,No
50,25830,618,1000,5.1,3,0.467,2,435,auto,Yes
34,80284,706,11992,7.1,13,0.23,No,12068,home,No
44,64523,674,13449,15.2,5,0.367,No,12768,personal,No
